nombre,apellido,dni,edad,direccion,correo,telefono,activo,fk_idactividad
Jacinda,Ferreri,34984856,39,9 Brentwood Park,jferreri0@hao123.com,875-614-6507,1,33
Mathias,Littledyke,25442779,55,08471 Brentwood Alley,mlittledyke1@admin.ch,226-479-6145,1,5
Ossie,Rennebach,36814007,44,723 Commercial Pass,orennebach2@macromedia.com,327-268-0362,0,2
Rory,Paffot,25324450,25,164 Lakeland Street,rpaffot3@simplemachines.org,533-391-1208,1,37
Isabel,Meneo,32376618,18,40755 Charing Cross Place,imeneo4@mit.edu,496-471-2686,1,19
Matias,Posten,35927839,53,47 Sundown Avenue,mposten5@wisc.edu,145-936-0710,0,23
Jackson,Meale,32947587,43,2 Memorial Point,jmeale6@netlog.com,915-342-9337,1,49
Barbie,Emblen,38037858,23,0 Hermina Circle,bemblen7@wikispaces.com,233-351-2709,1,39
Katharine,Trobe,30485559,28,80 Scoville Street,ktrobe8@sciencedirect.com,956-466-6275,1,4
Nerta,Hamstead,28279667,20,039 Gerald Crossing,nhamstead9@list-manage.com,425-820-3145,0,44
Mandie,Shugg,40012143,45,35 School Court,mshugga@wufoo.com,391-159-0556,0,28
Elana,Rennicks,40952619,45,2328 Schmedeman Avenue,erennicksb@unicef.org,184-431-5854,0,5
Jena,Garratty,41292862,20,754 Hovde Hill,jgarrattyc@jigsy.com,341-714-4550,0,39
Rosalinde,McDyer,33558794,40,78 Jenna Parkway,rmcdyerd@dion.ne.jp,440-503-1336,1,37
Kathi,Casbolt,28666978,54,9027 Ruskin Circle,kcasbolte@uol.com.br,205-211-9323,0,13
Dollie,Gatheral,25683702,22,55 Heffernan Court,dgatheralf@wikimedia.org,156-548-4598,1,20
Marie-ann,Tearle,40821710,22,94 Crescent Oaks Hill,mtearleg@amazon.de,736-564-4276,0,13
Alaric,Malkin,28521351,53,90716 Oak Valley Pass,amalkinh@hexun.com,473-515-2692,0,37
Ricky,Duncklee,36956980,22,663 Hoffman Avenue,rdunckleei@chicagotribune.com,843-124-4809,1,2
Merry,Rolfo,28447994,35,5 Schiller Road,mrolfoj@privacy.gov.au,388-361-8858,1,43
Delbert,O'Reagan,40893899,28,23479 Mendota Plaza,doreagank@npr.org,900-359-5518,0,10
Dynah,Linn,25157795,51,6 Superior Terrace,dlinnl@webmd.com,997-817-8904,0,5
Stillmann,Wonham,27205188,19,8390 Hanson Trail,swonhamm@admin.ch,562-371-4702,1,27
Consalve,Saville,25355312,44,5 Mccormick Trail,csavillen@eepurl.com,684-501-1903,1,47
Murvyn,Teresa,31986870,26,0838 Fair Oaks Way,mteresao@sohu.com,547-209-2261,1,13
Wilt,Risman,30661868,21,3 Mendota Park,wrismanp@spotify.com,314-647-0365,1,48
Ruthie,Lyttle,34961005,36,91 Summerview Trail,rlyttleq@nationalgeographic.com,603-631-8914,0,47
Benedetto,Grzegorzewicz,37935104,28,18 Hanover Point,bgrzegorzewiczr@yellowpages.com,596-488-4071,1,50
Bernadine,Snepp,27639591,19,28 Melody Hill,bsnepps@wisc.edu,418-950-8705,1,17
Karoly,Leggan,40125582,56,0063 Tennyson Street,kleggant@goodreads.com,730-239-8524,1,18
Alidia,Clutterbuck,27466124,47,67943 Lillian Point,aclutterbucku@g.co,305-777-6119,0,17
Marti,Sidery,37790531,33,16 Glendale Park,msideryv@twitpic.com,167-461-3832,0,34
Colin,Benninger,41878688,41,8 Schmedeman Crossing,cbenningerw@dion.ne.jp,468-543-1827,0,32
Violetta,Carlo,38175836,44,0 Clarendon Court,vcarlox@behance.net,572-615-8745,0,11
Jenny,Moan,41755303,48,82 Portage Circle,jmoany@stumbleupon.com,217-987-3559,1,45
Katherina,Tirrell,36184687,43,3 Paget Hill,ktirrellz@ovh.net,935-141-9924,1,47
Perla,Nowland,39916350,57,48 Forest Parkway,pnowland10@instagram.com,438-426-6251,0,10
Ardis,Fenimore,29689340,57,0028 Beilfuss Parkway,afenimore11@sbwire.com,996-529-2559,0,27
Verile,Nasey,36251865,34,9 Springs Street,vnasey12@meetup.com,733-580-3063,1,33
Jewel,Dechelette,27909712,22,52 Caliangt Plaza,jdechelette13@latimes.com,578-132-6062,0,5
Cornelius,Antonovic,28965524,42,40555 Carpenter Plaza,cantonovic14@un.org,211-195-1459,0,50
Linda,Raynard,29599825,43,64528 Arkansas Terrace,lraynard15@princeton.edu,221-808-0737,0,1
Normy,Hansell,26630960,53,52 East Hill,nhansell16@domainmarket.com,318-693-4981,1,13
Arda,Folkerts,27975536,43,48 Glendale Circle,afolkerts17@vimeo.com,653-665-5658,1,36
Farlie,Bertie,40624216,45,22636 Mosinee Circle,fbertie18@php.net,149-688-5929,0,6
Terza,Mussettini,29656086,57,273 Grover Terrace,tmussettini19@soundcloud.com,666-883-3038,1,14
Duke,Keats,39229464,47,04923 Bluejay Plaza,dkeats1a@stumbleupon.com,930-513-2899,1,13
Rodge,Cockerham,41299462,23,3 Moland Park,rcockerham1b@dot.gov,233-161-7894,1,25
Rudiger,Corragan,40410853,49,7 Bashford Place,rcorragan1c@linkedin.com,205-613-2257,1,4
Salvador,Eddisford,32459197,18,90 Sutherland Point,seddisford1d@nifty.com,684-742-0247,0,3
Sammie,Vivash,36160832,34,18359 Dapin Park,svivash1e@army.mil,592-786-5028,1,33
Clare,Blant,27580699,49,89 Doe Crossing Junction,cblant1f@forbes.com,175-151-9447,0,3
Amargo,Wylie,27989522,57,0688 Prentice Place,awylie1g@meetup.com,722-953-9118,0,14
Harriette,Risson,30658227,60,87350 Mariners Cove Road,hrisson1h@nydailynews.com,520-387-0902,1,44
Ruthie,Zammett,27557072,53,6403 5th Hill,rzammett1i@census.gov,935-102-4372,0,8
Gertrud,Croft,39563038,43,288 Lerdahl Junction,gcroft1j@yale.edu,579-942-1948,0,9
Cordie,Ligerton,38312376,26,1849 Garrison Pass,cligerton1k@is.gd,350-123-4107,0,24
Elfie,Gartery,30740449,39,951 Scoville Court,egartery1l@google.co.uk,113-578-9136,0,41
Marietta,Pharaoh,32258439,36,5 Westerfield Junction,mpharaoh1m@domainmarket.com,990-431-4817,0,50
Moria,Batchley,29558537,55,7 Sachtjen Drive,mbatchley1n@angelfire.com,345-184-8519,0,34
Benjamen,Wilcocks,37524156,40,6197 Badeau Parkway,bwilcocks1o@hp.com,509-239-6958,0,40
Jeremy,Paff,28259328,57,02683 Morning Avenue,jpaff1p@geocities.jp,759-582-1900,1,40
Kimberlee,Cromer,28369055,55,61 Village Trail,kcromer1q@irs.gov,427-460-4775,0,46
Ollie,Gillfillan,40301486,24,6519 Hanover Pass,ogillfillan1r@wired.com,218-419-2400,0,39
Shepperd,De Banke,25365058,37,1 Aberg Road,sdebanke1s@issuu.com,521-307-3515,0,23
Morten,Aylward,38724428,28,474 Milwaukee Parkway,maylward1t@blog.com,921-838-6924,1,29
Margaretta,Kneath,35518910,27,9 Summer Ridge Junction,mkneath1u@ehow.com,891-236-6106,1,2
Alphard,Roote,41199389,28,63 Sommers Crossing,aroote1v@princeton.edu,230-918-4327,1,33
Hope,Bortol,38116859,60,9592 Bunker Hill Terrace,hbortol1w@yale.edu,755-946-8279,1,39
Jerrome,Malster,27738646,21,40 Fieldstone Avenue,jmalster1x@dot.gov,247-569-4335,0,25
Mar,Bloxholm,34949112,23,2625 Vermont Center,mbloxholm1y@senate.gov,667-124-4116,0,30
Karola,Josipovic,29319131,47,0674 Meadow Valley Circle,kjosipovic1z@1688.com,645-634-9139,1,24
Brandie,Vashchenko,26072356,43,55476 Coleman Trail,bvashchenko20@yandex.ru,351-320-5896,0,43
Nickey,Druhan,34751336,28,44 Havey Junction,ndruhan21@ibm.com,428-717-2877,1,40
Costanza,Gainsborough,32224835,26,60 Hovde Pass,cgainsborough22@berkeley.edu,896-507-9327,1,37
Romola,Biggin,40643469,59,7 Granby Terrace,rbiggin23@nasa.gov,257-859-4944,0,30
Chlo,Neaverson,26991238,32,9548 Elka Avenue,cneaverson24@miitbeian.gov.cn,405-443-1469,0,42
Junina,Burgisi,37118588,59,02 Marcy Pass,jburgisi25@pcworld.com,574-468-1365,0,30
Hale,Roocroft,33053814,59,49 Arkansas Lane,hroocroft26@sourceforge.net,295-836-0226,1,29
Trever,McLaughlin,37129252,50,232 Luster Court,tmclaughlin27@instagram.com,222-361-9651,0,6
Novelia,Micka,25041107,53,92675 Paget Circle,nmicka28@sbwire.com,427-673-6991,0,21
Isabella,Valler,35288950,32,8 Old Gate Place,ivaller29@bloglines.com,623-592-2088,0,48
Amberly,Skune,28750287,53,42509 Bluestem Point,askune2a@github.io,633-902-1372,0,4
Ado,Full,33668699,57,2 Holy Cross Avenue,afull2b@trellian.com,458-384-6622,0,23
Karly,Maunton,37134405,45,91 Onsgard Plaza,kmaunton2c@friendfeed.com,317-793-8845,0,46
Clement,Orht,36848779,57,226 Commercial Point,corht2d@prweb.com,657-334-4740,1,50
Jeanelle,Penburton,27025017,33,6 Delladonna Pass,jpenburton2e@intel.com,916-492-1238,0,35
Brewer,Dwerryhouse,27717979,43,95 Karstens Parkway,bdwerryhouse2f@deliciousdays.com,799-665-1677,1,17
Daniela,Velde,35123124,44,0896 Veith Junction,dvelde2g@google.co.jp,752-692-4803,1,8
Albina,Tryme,26819498,24,66 Sherman Pass,atryme2h@reference.com,140-340-6881,0,49
Tatiana,Grimble,39696799,57,5131 Fairfield Hill,tgrimble2i@msu.edu,858-662-7017,1,6
Lizette,Beals,41529674,32,31308 Portage Alley,lbeals2j@wired.com,202-562-9749,0,26
Inigo,Deignan,35418122,37,704 Gateway Plaza,ideignan2k@nydailynews.com,812-207-4119,0,19
Collie,Clayton,41622000,46,5 Continental Way,cclayton2l@free.fr,420-849-8149,0,25
Curtice,Symes,37869285,46,660 Union Place,csymes2m@elegantthemes.com,402-689-0972,1,11
Cullen,Benedict,28722829,29,8 Westend Lane,cbenedict2n@ftc.gov,797-286-9531,1,30
Missy,Carwithim,25246382,31,365 Brown Street,mcarwithim2o@time.com,816-866-2854,1,13
Carrie,Farden,26388304,59,78 Mariners Cove Crossing,cfarden2p@washington.edu,248-999-9038,1,12
Skip,Rapinett,32792620,32,35 Golf View Avenue,srapinett2q@purevolume.com,342-119-5452,0,5
Robbin,Eddolls,37615018,42,40 Jenna Point,reddolls2r@jigsy.com,326-220-6047,1,43
Freedman,Brabender,33487201,46,5 Tennessee Lane,fbrabender2s@who.int,429-127-5100,1,8
Linc,McNuff,33579707,26,58683 Bonner Street,lmcnuff2t@oracle.com,902-941-3656,1,18
Darda,Hurle,40463991,28,89704 Del Sol Way,dhurle2u@statcounter.com,826-258-6928,0,10
Tierney,Moulding,40021189,20,7760 Green Ridge Hill,tmoulding2v@businessweek.com,210-457-3247,1,29
Margaretta,Scholfield,34652058,45,474 Westridge Parkway,mscholfield2w@dyndns.org,488-269-4658,0,22
Nicola,Postance,40821540,52,905 Corry Court,npostance2x@tripod.com,991-954-2033,1,22
Iseabal,Farlambe,41146070,23,623 Grover Lane,ifarlambe2y@alibaba.com,783-104-2652,0,47
Levin,Loche,30086661,55,3 Milwaukee Park,lloche2z@over-blog.com,750-479-3582,0,31
Kalinda,Brockie,30583665,52,5912 Beilfuss Center,kbrockie30@surveymonkey.com,437-292-3381,0,45
Aurelie,Wiggins,37411835,20,6975 Starling Hill,awiggins31@mozilla.org,542-479-6885,0,38
Fenelia,Kent,41529335,31,16 Packers Crossing,fkent32@mapy.cz,672-281-8881,0,12
Benetta,Kilmaster,36660485,59,19801 Fremont Terrace,bkilmaster33@netlog.com,635-137-0822,0,2
Ann,Scargill,29736262,19,877 International Drive,ascargill34@mysql.com,945-322-3950,1,46
Hyatt,Engelbrecht,33015745,18,07927 Hauk Avenue,hengelbrecht35@soundcloud.com,800-191-6856,1,1
Ritchie,Bown,39848869,23,235 Carberry Street,rbown36@liveinternet.ru,201-971-5254,0,50
Olive,Sabey,40368666,58,7344 Moose Crossing,osabey37@soundcloud.com,100-866-4297,1,43
Essa,Threadgold,36251952,54,7 Bayside Place,ethreadgold38@whitehouse.gov,828-630-4213,1,21
Maddie,Edmunds,25964310,28,49985 Dottie Park,medmunds39@imgur.com,632-912-3645,0,35
Fraze,Morffew,38730761,50,7 Thackeray Trail,fmorffew3a@ed.gov,107-671-8080,0,44
Sapphira,Cumberpatch,38353653,42,1517 Laurel Lane,scumberpatch3b@dot.gov,363-678-5284,0,45
Laurette,Stellin,32930593,58,7479 Iowa Court,lstellin3c@wix.com,907-490-1687,0,9
Gilda,Terren,29353299,49,088 Springview Alley,gterren3d@army.mil,206-461-3822,0,26
Allin,Pevie,40310230,35,5 Gerald Parkway,apevie3e@cocolog-nifty.com,511-733-9813,0,5
Lacey,Dutton,25209477,25,00586 Larry Center,ldutton3f@sfgate.com,213-283-1422,1,46
Carilyn,Crassweller,31671285,33,3307 Kinsman Road,ccrassweller3g@amazon.co.uk,336-721-8929,0,8
Sylvan,Grimsdale,41070377,51,11 Hoepker Alley,sgrimsdale3h@nationalgeographic.com,811-381-7930,0,10
Emlyn,Penna,33342875,58,7717 Almo Drive,epenna3i@squarespace.com,534-478-6446,1,29
Nicolais,Cobbold,26251286,56,30736 Melvin Street,ncobbold3j@huffingtonpost.com,236-785-3427,1,25
Dreddy,Brummell,37271890,26,2 Montana Trail,dbrummell3k@goodreads.com,244-562-7306,0,33
Zared,Rottenbury,27133722,52,979 Anzinger Plaza,zrottenbury3l@mtv.com,999-600-2637,1,39
Olivero,Danielczyk,32207425,45,87 Charing Cross Street,odanielczyk3m@mysql.com,332-553-7621,1,49
Poppy,Talton,38651710,50,7 Waxwing Center,ptalton3n@1und1.de,468-126-7816,1,45
Oswell,Willgrass,36538064,39,4317 Toban Lane,owillgrass3o@time.com,769-225-8776,0,10
Gae,Deeley,25135350,52,83 Thierer Hill,gdeeley3p@netlog.com,392-414-4122,1,27
Hetti,Stonehewer,34958480,47,12714 Mcbride Park,hstonehewer3q@ucoz.com,522-453-3907,1,13
Ara,Dimmne,27452632,38,14072 Brentwood Street,adimmne3r@kickstarter.com,512-748-8951,1,22
Hyacinthia,Pittel,30491188,27,3484 Fulton Trail,hpittel3s@timesonline.co.uk,914-255-2155,1,2
Wilmette,Murra,40792705,25,67316 Russell Avenue,wmurra3t@naver.com,769-952-2540,0,38
Emelita,Bouette,38144453,39,1 Spaight Alley,ebouette3u@amazon.co.jp,437-256-4708,1,8
Kaylil,Peirson,39036756,58,54 Vera Way,kpeirson3v@businessweek.com,357-338-1319,0,10
Kelsey,Fears,39040449,52,25128 Stephen Road,kfears3w@baidu.com,913-808-0280,1,43
Jessalin,Ormston,26458291,56,62121 Mandrake Hill,jormston3x@mozilla.org,276-423-8869,1,50
Alain,Lemoir,28329264,29,050 Hoepker Way,alemoir3y@google.ca,200-129-1796,1,50
Mark,Cortnay,33246840,51,8303 Onsgard Avenue,mcortnay3z@wordpress.com,374-368-6971,1,27
Federica,Duffett,39865113,19,2578 High Crossing Court,fduffett40@wikia.com,522-820-0983,0,20
Daron,Cranch,28208163,56,58789 Chive Way,dcranch41@yolasite.com,404-665-0599,0,41
Cristal,Garmons,38616214,54,1 Bultman Hill,cgarmons42@cnbc.com,371-166-1076,0,33
Celestina,Alexandre,32870498,21,3259 Sundown Terrace,calexandre43@linkedin.com,544-121-1069,0,32
Anett,Greggs,32083758,42,8171 Dwight Terrace,agreggs44@cisco.com,512-612-5821,1,40
Archambault,Verrico,39086346,48,47 Alpine Trail,averrico45@npr.org,565-578-9360,1,20
Leif,Sorton,27458024,25,289 Mallard Circle,lsorton46@wikia.com,690-408-9409,1,45
Mable,Basil,35342859,48,0 Stoughton Alley,mbasil47@mit.edu,681-815-1644,0,42
Tabbi,Early,28818767,21,8063 Blue Bill Park Center,tearly48@noaa.gov,396-811-2391,1,1
Marquita,Varker,41673354,34,5 Tennessee Lane,mvarker49@imageshack.us,654-303-2532,0,25
Lydia,McHenry,36757058,54,5 Tennyson Park,lmchenry4a@yellowpages.com,705-449-7056,0,40
Davidde,Van Arsdall,26426921,51,616 Darwin Lane,dvanarsdall4b@ftc.gov,194-496-9437,0,40
Waylen,Rabbitt,35681779,28,664 Arizona Avenue,wrabbitt4c@livejournal.com,338-633-0831,1,33
Pebrook,Bamfield,33648294,48,496 Hermina Hill,pbamfield4d@bbc.co.uk,181-220-9575,1,4
Lorenzo,Plumbe,30467228,38,91 Main Plaza,lplumbe4e@boston.com,759-830-1773,1,15
Adelaida,Rosenzwig,28278888,57,581 Stephen Junction,arosenzwig4f@webnode.com,837-733-2237,0,16
Bondie,Worsnup,37020871,42,07 Longview Junction,bworsnup4g@hugedomains.com,263-143-2493,0,4
Nikita,Easseby,39214955,31,6 Spenser Point,neasseby4h@alibaba.com,393-188-9829,1,3
Trixi,Cumes,26747904,45,3 Hoffman Terrace,tcumes4i@delicious.com,938-654-0883,0,2
Drusy,Conibere,38608726,23,2703 Badeau Plaza,dconibere4j@eventbrite.com,377-197-1387,0,40
Engracia,Andrivel,29863881,50,1 Crest Line Park,eandrivel4k@psu.edu,712-111-9775,0,2
Blakelee,Hutcheon,40727668,33,1 Meadow Valley Plaza,bhutcheon4l@addtoany.com,838-496-4870,0,35
Crawford,Giaomozzo,26957070,28,5 Almo Plaza,cgiaomozzo4m@squidoo.com,901-899-8163,1,1
Meghann,Casoni,30133908,26,3 Johnson Court,mcasoni4n@biblegateway.com,340-520-3600,0,45
Gradeigh,Fontelles,28258167,51,42061 Hanson Point,gfontelles4o@admin.ch,734-500-4920,1,26
Liva,Caughte,41946198,44,0087 Spohn Way,lcaughte4p@nsw.gov.au,557-432-2347,0,28
Josee,Janaszewski,27857141,60,3969 Fieldstone Terrace,jjanaszewski4q@google.nl,667-982-7985,1,3
Melli,Darkott,27102977,59,2169 Pierstorff Alley,mdarkott4r@netvibes.com,108-189-6900,1,26
Laurice,Escoffier,30645919,26,99 Alpine Road,lescoffier4s@yelp.com,325-755-4508,0,3
Berget,Flasby,25618053,47,79 Lyons Way,bflasby4t@about.me,212-604-0411,0,41
Tabatha,Pinckney,29771002,52,44670 Sunfield Point,tpinckney4u@example.com,887-243-7070,0,33
Doralia,Slessor,36964284,54,24 Surrey Lane,dslessor4v@paginegialle.it,546-207-5795,0,33
Kinna,Redwing,31892688,52,12 Marquette Center,kredwing4w@creativecommons.org,750-882-9593,0,22
Micheline,Wooding,39884905,32,4 Forest Plaza,mwooding4x@wikipedia.org,625-433-8798,0,23
Rhianna,Cuxon,35725292,35,080 Kedzie Point,rcuxon4y@ezinearticles.com,779-694-2253,0,31
Editha,Salzberg,34537521,60,48477 Chive Center,esalzberg4z@discuz.net,754-894-8982,0,18
Moria,Studdard,25072976,33,751 Sundown Junction,mstuddard50@homestead.com,977-204-0332,1,21
Kari,Golde,38817447,34,9148 Forest Run Park,kgolde51@geocities.com,865-386-1043,0,7
Wallie,Charlesworth,38466013,33,038 Kenwood Street,wcharlesworth52@wsj.com,355-848-8110,1,39
Dosi,Detheridge,35345834,25,39 Sutteridge Trail,ddetheridge53@pen.io,625-527-5259,1,18
Clio,Dumper,34852917,18,89 Wayridge Alley,cdumper54@acquirethisname.com,139-554-0243,1,25
Frankie,Eckford,35065025,41,93399 Maywood Terrace,feckford55@bbb.org,366-117-4078,1,13
Gamaliel,Probate,26327559,44,54156 Morningstar Court,gprobate56@creativecommons.org,678-748-7904,1,6
Pennie,Brimming,33235246,60,86121 Summer Ridge Court,pbrimming57@macromedia.com,568-283-0265,0,14
Benedikt,Grunwald,25746571,30,42320 Brown Street,bgrunwald58@biglobe.ne.jp,501-772-9960,0,44
Leilah,Ceely,35601063,55,7 Annamark Trail,lceely59@hhs.gov,975-446-9985,1,10
Sebastian,Langelay,29648834,20,697 Porter Terrace,slangelay5a@skyrock.com,570-397-4956,1,22
Jervis,Garfirth,32690454,53,1 Sycamore Point,jgarfirth5b@jiathis.com,542-539-2273,0,26
Etheline,Mathely,28637333,23,44 Monterey Terrace,emathely5c@goo.gl,741-249-3977,0,14
Doe,Gealy,31767335,41,06 Washington Circle,dgealy5d@bloomberg.com,622-392-1779,0,29
Lorenza,Klaff,31501352,52,349 Hanover Alley,lklaff5e@mit.edu,160-141-6563,0,36
Marina,Sappell,27236949,32,07240 Stuart Road,msappell5f@blogger.com,316-906-7547,1,36
Mike,Flook,27670792,43,283 Ruskin Place,mflook5g@unblog.fr,632-910-8367,1,33
Kizzie,Seydlitz,27484066,24,03820 Superior Road,kseydlitz5h@theglobeandmail.com,823-524-2417,1,30
Daffie,McGrae,30660703,32,01389 Tony Pass,dmcgrae5i@barnesandnoble.com,565-633-1255,1,28
Naomi,Saenz,35273271,24,7496 Sutherland Parkway,nsaenz5j@bloglovin.com,400-994-2156,1,33
Tommie,Deaton,36805202,19,4449 Quincy Way,tdeaton5k@ca.gov,570-541-8239,0,32
Betta,Devo,31248879,22,33 Valley Edge Hill,bdevo5l@myspace.com,904-615-1988,1,11
Wiatt,Grutchfield,25863817,32,4 Clemons Plaza,wgrutchfield5m@eepurl.com,667-998-9739,0,43
Janice,McEvon,32194766,59,44795 Thackeray Crossing,jmcevon5n@dell.com,963-154-4177,1,22
Ariella,Pragnell,38287144,50,43795 Fairfield Park,apragnell5o@tamu.edu,583-229-1251,1,43
Edan,Morrowe,35849398,57,77462 Rigney Place,emorrowe5p@ow.ly,158-504-4868,0,20
Corenda,Mullineux,39282944,53,29830 Orin Avenue,cmullineux5q@privacy.gov.au,536-158-3512,0,30
Selina,Mcsarry,28198696,39,442 Gerald Junction,smcsarry5r@merriam-webster.com,261-624-9460,1,47
Jaymie,Maddick,27660184,40,29164 Bonner Place,jmaddick5s@wordpress.org,637-876-0440,0,26
Mirabella,Parrett,38548329,47,131 Mosinee Avenue,mparrett5t@unblog.fr,816-878-1498,1,23
Cullen,Leyninye,29772519,32,894 Parkside Court,cleyninye5u@eepurl.com,662-167-9659,1,30
Jolene,Scarf,31023909,49,63 Mendota Point,jscarf5v@kickstarter.com,163-574-4311,0,27
Nadine,Sarton,29514167,35,860 Division Court,nsarton5w@qq.com,813-233-0082,0,8
Wainwright,Laverick,28984795,32,0 Melby Avenue,wlaverick5x@paypal.com,864-363-7137,1,11
Lacy,Croughan,39573459,60,63 Columbus Parkway,lcroughan5y@netvibes.com,665-375-8923,0,40
Russ,Fruen,30158450,24,2318 Arapahoe Pass,rfruen5z@ask.com,674-842-9154,0,29
Charmion,McGilleghole,37356283,47,11 Clemons Alley,cmcgilleghole60@bigcartel.com,617-799-8619,0,37
Giordano,Piddick,34826154,41,47710 Veith Center,gpiddick61@live.com,812-614-8286,0,48
Lissie,Sanpere,27322023,39,64544 Mcguire Hill,lsanpere62@list-manage.com,537-941-7599,1,40
Sharline,Kinneir,41885121,47,0813 Goodland Pass,skinneir63@soup.io,845-576-7790,0,18
Lory,Heard,41506066,23,64728 Porter Plaza,lheard64@indiegogo.com,778-705-1375,1,42
Aileen,Trowbridge,33785508,57,59780 Lakewood Drive,atrowbridge65@answers.com,704-288-0610,0,10
Trenton,Lavalde,40305179,41,39896 Rieder Road,tlavalde66@jimdo.com,893-556-3557,1,31
Rhett,Gascard,30791792,36,8195 Maple Lane,rgascard67@last.fm,619-434-3291,1,35
Lurline,Llewhellin,38690626,20,494 Meadow Ridge Pass,lllewhellin68@usatoday.com,412-261-9135,1,36
Bevon,Still,28604913,41,4 Kim Trail,bstill69@unesco.org,649-743-5078,1,19
Karlyn,Sherrum,28587135,24,2 Towne Alley,ksherrum6a@meetup.com,326-285-4221,1,11
Bernard,Cadore,31625938,25,19 Rockefeller Pass,bcadore6b@salon.com,796-379-5285,0,11
Corabel,Rickertsen,39917483,20,1486 Starling Terrace,crickertsen6c@zimbio.com,237-901-6381,1,27
Welby,Wilkie,37200801,49,53 Glendale Trail,wwilkie6d@jalbum.net,885-423-9655,1,35
Danielle,Twinterman,37813870,49,345 Eagle Crest Street,dtwinterman6e@icq.com,224-297-4054,0,31
Boony,Brand-Hardy,36302152,54,24 Leroy Place,bbrandhardy6f@joomla.org,666-886-4893,1,9
Yelena,Roxbee,27815245,58,62798 Arapahoe Circle,yroxbee6g@miitbeian.gov.cn,357-349-8548,1,23
Lock,Learman,35337563,47,10642 Goodland Circle,llearman6h@skyrock.com,950-925-3684,0,14
Wilhelm,Tailby,40149326,27,69632 Sycamore Park,wtailby6i@fc2.com,565-166-3659,0,26
Bank,Colledge,33483373,32,2674 American Ash Way,bcolledge6j@apple.com,799-328-6056,1,37
Malory,Liebmann,28439900,25,437 Surrey Junction,mliebmann6k@mlb.com,666-386-8025,1,41
Neils,Fordham,33372440,26,156 Stoughton Hill,nfordham6l@google.ca,227-550-5231,0,28
Mel,Thickin,25679110,55,7 Larry Crossing,mthickin6m@moonfruit.com,471-119-6244,1,30
Baldwin,Duigan,33106309,28,01 Ryan Street,bduigan6n@cdbaby.com,803-119-7945,0,44
Patten,Koomar,34470690,31,0377 Hovde Place,pkoomar6o@instagram.com,671-524-1157,0,33
Adaline,Kubasiewicz,34144585,39,7 Nobel Park,akubasiewicz6p@exblog.jp,834-164-8641,0,34
Emanuel,Golda,32269710,49,7 Beilfuss Trail,egolda6q@answers.com,708-735-9568,0,32
Hall,Tinghill,29888048,22,4694 Pepper Wood Trail,htinghill6r@webnode.com,226-250-4386,0,48
Hallie,Dikels,35047171,56,79234 Shelley Circle,hdikels6s@technorati.com,402-145-2829,0,31
Nyssa,Eastham,35745703,58,0 Hovde Terrace,neastham6t@sfgate.com,323-543-8044,0,49
Garv,Darton,35011044,31,018 Larry Plaza,gdarton6u@amazon.de,227-593-4011,0,32
Catharine,Beamish,25625566,37,46714 Hermina Court,cbeamish6v@msn.com,753-567-4366,1,47
Gerhard,Glavis,32957215,58,461 Basil Point,gglavis6w@dedecms.com,618-842-8082,1,13
Minetta,Dennert,30197341,25,4319 Anderson Terrace,mdennert6x@rambler.ru,208-925-2693,0,44
Clarissa,Giffin,39779902,58,1845 South Way,cgiffin6y@kickstarter.com,140-529-8474,0,42
Eyde,Cleland,34767566,18,39 Vidon Drive,ecleland6z@netvibes.com,562-331-8275,0,35
Corry,Sponder,34654840,42,7 School Parkway,csponder70@google.fr,819-803-1927,1,39
Corie,Patullo,37405222,29,98663 Marcy Court,cpatullo71@studiopress.com,202-587-9345,0,35
Guthrey,Gumbley,33149345,49,597 Corry Street,ggumbley72@nps.gov,705-918-1888,1,9
Janenna,Gormley,39400301,57,37 Holmberg Crossing,jgormley73@auda.org.au,587-471-6038,1,17
Cliff,Ziehms,37001850,43,9 Lunder Park,cziehms74@cdbaby.com,320-126-5946,0,1
Marcelia,McClosh,25961796,38,56136 Kropf Street,mmcclosh75@w3.org,854-870-1948,0,40
Jenny,Knightley,31285524,50,955 Rigney Place,jknightley76@yandex.ru,416-239-6313,1,36
Matt,Jillings,32629886,25,4 Springs Trail,mjillings77@ezinearticles.com,757-333-8146,1,3
Nikolia,Verrell,28011120,36,7085 Fairview Alley,nverrell78@china.com.cn,903-403-6642,1,10
Elke,Bilston,35794670,25,74141 Schmedeman Alley,ebilston79@flickr.com,772-722-0016,0,11
Luella,Ferrieres,33126628,37,55324 Sugar Point,lferrieres7a@amazon.co.uk,868-281-3101,1,15
Batsheva,Payle,40177305,56,6023 Old Shore Avenue,bpayle7b@businessweek.com,788-820-2832,0,30
Herta,Strank,35986178,48,444 Lerdahl Alley,hstrank7c@imageshack.us,508-759-8719,0,1
Yetty,Hynde,35408558,20,71 Debra Pass,yhynde7d@archive.org,605-863-4339,0,21
Stormi,Duer,41184604,29,30 Pennsylvania Way,sduer7e@auda.org.au,622-146-7650,0,9
Claudius,Wontner,29824414,49,256 Mandrake Court,cwontner7f@engadget.com,569-562-7569,0,29
Ardene,Leathley,27415713,18,8 Sutteridge Place,aleathley7g@yolasite.com,307-632-9989,0,4
Rasia,Barbe,35302288,36,22 Delaware Place,rbarbe7h@example.com,591-652-2786,1,35
Lindsey,Averay,25488677,30,79 Fairview Point,laveray7i@wikia.com,184-554-2607,1,28
Chloe,Pavy,29432796,25,506 Northport Alley,cpavy7j@themeforest.net,574-520-9575,0,30
Halsey,Loreit,28327317,25,73825 Badeau Drive,hloreit7k@storify.com,153-435-7600,0,27
Thomasa,Santer,38923217,57,45 Clyde Gallagher Circle,tsanter7l@multiply.com,851-641-3166,0,22
Gipsy,Petrillo,41101807,45,2 Hauk Place,gpetrillo7m@comcast.net,694-412-8566,0,22
Donelle,Crosbie,41539285,22,33 Lakewood Gardens Crossing,dcrosbie7n@sciencedaily.com,619-865-0604,1,36
Ellerey,Beale,40136647,52,65 Hanover Avenue,ebeale7o@de.vu,658-814-6239,1,30
Burg,Potzold,40014973,37,8849 Sycamore Way,bpotzold7p@cisco.com,678-854-4411,0,8
Averyl,Harling,36610175,26,8 Westend Avenue,aharling7q@people.com.cn,990-114-3831,0,43
Leandra,Elmore,26920751,56,13753 Clemons Junction,lelmore7r@webmd.com,705-355-7848,1,4
Evita,Knox,25139961,44,8706 Katie Drive,eknox7s@360.cn,296-210-5900,0,15
Alisa,Beggio,37594631,42,0025 Haas Pass,abeggio7t@foxnews.com,611-777-2687,0,4
Bettye,Cafferky,28725677,53,09 Katie Alley,bcafferky7u@technorati.com,151-401-1227,1,27
Anabelle,Peddowe,33301781,21,5 Moulton Crossing,apeddowe7v@github.io,566-510-6836,0,7
Hendrika,Ferbrache,39574527,50,24069 John Wall Junction,hferbrache7w@weather.com,607-889-3868,0,50
Verla,Geertsen,29825164,20,08406 Bartelt Park,vgeertsen7x@technorati.com,915-929-5355,0,10
Matteo,BoHlingolsen,39494986,53,45 Ruskin Avenue,mbohlingolsen7y@pinterest.com,952-475-3319,0,14
Pace,Kearsley,29561957,21,80 Lillian Terrace,pkearsley7z@google.com.br,332-151-0383,0,22
Brooke,Kunneke,34639551,22,43 Arapahoe Avenue,bkunneke80@economist.com,833-384-0200,1,7
Almeda,Ugoletti,32837378,42,916 Main Plaza,augoletti81@wordpress.com,389-909-8637,0,49
Estevan,Pawlett,39221496,35,1738 Express Parkway,epawlett82@rakuten.co.jp,742-373-1139,1,2
Giraldo,Frugier,35822592,54,38 Forster Pass,gfrugier83@liveinternet.ru,197-327-5985,1,14
Min,Kleinberer,41503277,27,69 Lunder Place,mkleinberer84@nba.com,997-921-4051,0,24
Germayne,Romeril,38142702,39,64922 Esch Road,gromeril85@umich.edu,736-476-6392,1,44
Jemmie,Kleinhausen,30330427,42,461 Tomscot Pass,jkleinhausen86@liveinternet.ru,337-856-5724,0,39
Koren,Smallbone,26611235,48,15179 Pearson Terrace,ksmallbone87@meetup.com,211-301-2262,0,22
Tildie,Trobridge,28906872,43,124 Reindahl Street,ttrobridge88@jimdo.com,514-493-3994,1,29
Burton,Baiden,32400162,53,882 Kipling Parkway,bbaiden89@tinypic.com,466-999-3035,1,32
Rosie,Keelin,33679303,37,0143 Dorton Parkway,rkeelin8a@amazonaws.com,478-961-0660,0,16
Huntlee,Chazerand,40333336,56,10 Coleman Trail,hchazerand8b@canalblog.com,156-202-5492,0,5
Ryley,Gewer,39092611,42,52 Kim Hill,rgewer8c@usa.gov,301-435-7266,0,35
Bentley,Fryd,38516374,43,2107 Moose Street,bfryd8d@google.com.hk,956-808-0800,1,31
Elwyn,Sapauton,40588336,36,6 Erie Crossing,esapauton8e@sakura.ne.jp,203-912-9099,1,9
Kaycee,Conor,36900357,24,63 Goodland Crossing,kconor8f@upenn.edu,849-938-4659,0,25
Stephenie,Pyett,40746185,49,3546 Bartillon Center,spyett8g@yolasite.com,960-752-1137,1,46
Pearline,Wiburn,32925750,47,6120 Ryan Road,pwiburn8h@google.cn,816-115-8026,1,31
Roselin,Booth,28897170,47,69567 Lindbergh Trail,rbooth8i@upenn.edu,103-364-1143,0,43
Jennine,Maplesden,33495226,43,370 Vermont Alley,jmaplesden8j@cbc.ca,335-973-5094,1,16
Earl,Fronczak,37505822,49,407 Fallview Road,efronczak8k@vkontakte.ru,879-976-3812,1,12
Obie,MacKereth,27662064,23,63041 Calypso Parkway,omackereth8l@shinystat.com,853-917-0411,1,35
Brigitte,Charnock,36471157,18,1 American Ash Center,bcharnock8m@usa.gov,238-969-9757,0,3
Vinson,Blaze,31150771,35,7 Spenser Alley,vblaze8n@t.co,426-557-3372,1,11
Analiese,O' Clovan,33848564,38,55047 Derek Junction,aoclovan8o@geocities.com,329-100-1547,0,32
Fredericka,McCrie,25086270,21,36 Caliangt Pass,fmccrie8p@newyorker.com,299-129-2476,1,36
Lanita,Jagger,26513646,28,926 Anzinger Crossing,ljagger8q@wsj.com,532-749-0796,0,36
Mil,Mc Giffin,35444444,45,0 Waxwing Place,mmcgiffin8r@dropbox.com,539-170-4381,1,13
Pippy,Patterson,29837526,58,45 Carioca Hill,ppatterson8s@trellian.com,680-950-2478,0,1
Rurik,MacKim,30140540,35,653 Schlimgen Drive,rmackim8t@diigo.com,744-487-5426,0,9
Hillery,McQueen,33438559,46,49476 Maryland Court,hmcqueen8u@weather.com,353-443-8152,1,16
Micky,Easeman,38867482,35,8590 Mayer Plaza,measeman8v@cam.ac.uk,361-446-2118,1,5
Darryl,Cashen,38742335,51,5625 Sloan Lane,dcashen8w@techcrunch.com,857-275-3052,1,27
Emma,McMakin,36354547,25,941 Jackson Plaza,emcmakin8x@ftc.gov,425-276-2727,0,23
Chevalier,Behrendsen,41318819,43,4 Chive Pass,cbehrendsen8y@naver.com,407-441-2407,0,34
Inga,Sinderson,28018178,49,7874 Graceland Avenue,isinderson8z@creativecommons.org,850-541-2534,1,4
Jodee,Buney,34423664,47,278 Surrey Road,jbuney90@cam.ac.uk,399-941-8452,0,42
Hestia,Stodhart,41485094,32,93 Mcbride Parkway,hstodhart91@wiley.com,106-771-1929,1,3
Kasey,Geill,32286519,54,3 Carey Court,kgeill92@a8.net,258-729-3663,0,24
Dyanne,Greenwell,28980026,51,7 Arrowood Park,dgreenwell93@mapy.cz,893-925-3288,0,27
Karlens,Greenslade,33852051,41,25093 Twin Pines Trail,kgreenslade94@wiley.com,496-667-2808,0,26
Carlo,Addeycott,37056750,27,8872 Artisan Parkway,caddeycott95@hc360.com,952-587-7983,0,13
Ramona,Tapson,31833353,26,23 Mifflin Circle,rtapson96@instagram.com,520-318-9180,1,21
Melessa,Diess,39032622,45,9 Elgar Drive,mdiess97@prnewswire.com,992-902-0610,0,16
Onofredo,Whatmough,37686833,25,621 Ludington Crossing,owhatmough98@oakley.com,826-186-7136,0,28
Mano,Morshead,33020249,60,3 Scofield Terrace,mmorshead99@china.com.cn,156-483-0272,1,48
Cynthy,Eddis,37112948,20,7 Memorial Circle,ceddis9a@people.com.cn,702-679-9135,0,15
Kylie,Ilyasov,32292438,37,5 Evergreen Pass,kilyasov9b@gnu.org,971-503-6634,0,35
Fanchon,Lockie,37364957,30,7 Bluejay Plaza,flockie9c@bloglines.com,466-501-3337,1,4
Cosmo,Plose,33525156,20,588 Dixon Parkway,cplose9d@google.it,266-902-7441,1,49
Bab,Hearnes,29811265,24,53 Bowman Junction,bhearnes9e@ihg.com,555-962-4811,0,29
Wiley,Boffin,37293599,42,6 Sutherland Terrace,wboffin9f@cloudflare.com,244-685-8344,1,35
Chester,Betham,33379454,56,1550 Dovetail Lane,cbetham9g@is.gd,241-678-5557,0,12
Roby,Crumbleholme,26176197,48,24341 Goodland Place,rcrumbleholme9h@github.com,827-121-5169,1,26
Tresa,Pittam,40745506,45,2457 Ryan Street,tpittam9i@com.com,103-155-7307,0,50
Gawen,Kenion,37341499,33,8018 Brown Drive,gkenion9j@paginegialle.it,763-790-9066,0,46
Duffy,Wiffill,35285754,38,491 Gulseth Hill,dwiffill9k@instagram.com,122-609-4780,1,4
Bone,Bastie,29013281,53,0 Kim Hill,bbastie9l@techcrunch.com,936-577-0705,1,23
Mikel,Cavie,34051591,36,75 Lakewood Gardens Center,mcavie9m@4shared.com,888-500-7998,1,47
Ruby,Allsworth,36547029,18,50 Dovetail Way,rallsworth9n@pagesperso-orange.fr,544-993-3504,1,8
Carol-jean,Hanburry,41297678,33,56 Eastlawn Plaza,chanburry9o@gnu.org,626-600-1665,1,46
Lexine,Rendle,25640714,31,787 Johnson Plaza,lrendle9p@abc.net.au,276-424-7081,1,11
Pollyanna,Measures,33609293,23,93 Toban Terrace,pmeasures9q@odnoklassniki.ru,745-965-3398,1,2
Stephi,Pollastro,37154362,51,92 Dovetail Avenue,spollastro9r@google.it,767-822-8513,1,32
Ki,Duce,25862962,28,37 Johnson Pass,kduce9s@xinhuanet.com,822-787-2838,0,17
Bertram,Floodgate,28534268,47,16009 Hallows Lane,bfloodgate9t@comsenz.com,919-165-3428,1,34
Collette,Shobbrook,27716767,24,6 Marcy Center,cshobbrook9u@a8.net,536-140-1856,0,16
Tarrah,Kruse,37488553,24,8758 Mccormick Terrace,tkruse9v@cargocollective.com,292-288-1632,1,27
Way,Meach,39696019,46,337 North Circle,wmeach9w@theatlantic.com,159-235-1549,1,30
Natty,Rowlstone,32394174,24,918 Farragut Park,nrowlstone9x@amazon.de,307-845-1449,1,26
Ravi,Forsyth,27292379,47,66 Upham Avenue,rforsyth9y@slate.com,983-112-9064,1,30
Roddy,Rayne,34026964,55,8171 Buell Lane,rrayne9z@github.com,938-558-2331,1,12
Felisha,Dory,27332243,54,88017 Veith Avenue,fdorya0@columbia.edu,113-750-2992,0,36
Cheslie,Hewlings,28046857,31,72952 Loftsgordon Junction,chewlingsa1@intel.com,808-854-4970,1,2
Herbert,Kobierski,37349782,25,5370 Brickson Park Alley,hkobierskia2@cisco.com,281-532-2709,0,36
Morty,Roxburgh,38736341,58,4699 Dennis Street,mroxburgha3@senate.gov,469-889-7574,1,42
Isiahi,Whitman,35082627,42,94 Canary Way,iwhitmana4@e-recht24.de,600-886-4549,0,19
Clea,Orsman,26855844,26,4 Moulton Drive,corsmana5@pinterest.com,268-380-4196,1,12
Bernadina,Mayes,25510627,19,3024 Briar Crest Trail,bmayesa6@infoseek.co.jp,754-887-8519,1,38
Tirrell,Lukasik,26379850,57,0719 High Crossing Junction,tlukasika7@fotki.com,282-782-9625,0,42
Land,Byneth,32910473,43,89069 North Hill,lbynetha8@yelp.com,321-690-6392,0,4
Teirtza,Ehrat,35468185,45,0274 Warner Junction,tehrata9@exblog.jp,515-741-5290,0,10
Henri,Carrack,33298849,58,982 Forest Dale Junction,hcarrackaa@is.gd,536-383-3323,0,4
Byram,Knoles,31263351,22,7 Manufacturers Parkway,bknolesab@webs.com,783-672-7871,1,27
Lowrance,Touret,30219192,34,45928 Vermont Junction,ltouretac@nih.gov,602-248-7710,1,7
Brucie,Boyes,32170482,56,57 Manitowish Avenue,bboyesad@mac.com,482-272-2285,1,40
Mandie,Ancliff,38137852,21,7792 Lakeland Place,mancliffae@imdb.com,998-212-8910,0,1
Yvette,Gingell,35261214,27,06 Hauk Place,ygingellaf@ucsd.edu,373-247-0182,1,26
Barn,Sherer,39529912,41,44076 Lotheville Road,bshererag@loc.gov,561-928-5366,0,25
Blake,Wem,37846173,46,09 Wayridge Junction,bwemah@ezinearticles.com,158-651-8943,0,38
Dina,Berthomieu,36408659,49,17990 Bonner Street,dberthomieuai@pagesperso-orange.fr,250-515-6288,0,46
Birgit,Segrott,30360238,30,821 Gerald Plaza,bsegrottaj@facebook.com,353-186-0721,0,39
Ardra,Dukesbury,33292730,39,3 Spenser Point,adukesburyak@ning.com,933-974-7992,1,46
Tracey,Weinham,25893923,19,342 Farragut Drive,tweinhamal@domainmarket.com,944-643-7343,0,3
Filippa,Crisall,32133607,21,3350 Waxwing Road,fcrisallam@ameblo.jp,517-828-1883,0,24
Sileas,Atkinson,30001039,55,794 Hanson Junction,satkinsonan@businesswire.com,472-992-8822,0,15
Janie,Rider,38170613,21,838 Carpenter Pass,jriderao@github.io,276-408-1497,1,7
Irv,Fearenside,38098780,58,1122 Tomscot Drive,ifearensideap@livejournal.com,450-671-4359,1,1
Lin,Writtle,26338044,22,15809 Eastwood Center,lwrittleaq@icq.com,469-889-0484,1,38
Papageno,Tidbold,32153569,42,26877 Karstens Street,ptidboldar@squidoo.com,586-333-8519,1,20
Starlene,Attenburrow,38552153,47,36 Myrtle Alley,sattenburrowas@chicagotribune.com,910-621-3379,0,8
Eustace,Hawkes,29119883,51,74840 Mcguire Circle,ehawkesat@utexas.edu,299-226-2447,1,29
Ogden,Meakin,36390504,20,3 5th Drive,omeakinau@ucsd.edu,703-427-6836,1,7
Rog,Tregidga,38987586,39,43 Hollow Ridge Parkway,rtregidgaav@dropbox.com,491-328-1781,0,12
Keeley,Jobbins,38402643,56,33 Kings Junction,kjobbinsaw@usda.gov,116-226-4913,1,38
Noah,Reddell,40961179,47,672 Cambridge Way,nreddellax@dailymail.co.uk,129-279-7850,0,35
Cordelia,Cradick,26005968,28,81335 Talisman Parkway,ccradickay@clickbank.net,427-887-9602,0,21
Sherwynd,Desquesnes,35153061,52,7786 Eagle Crest Pass,sdesquesnesaz@fda.gov,372-581-6667,0,44
Cassie,Southworth,38377810,55,4601 Mandrake Way,csouthworthb0@squarespace.com,899-151-1738,0,29
Joan,Barenski,31992259,45,38 Colorado Hill,jbarenskib1@usda.gov,409-665-8515,0,43
Eugenia,Zannetti,28202969,34,043 Kipling Parkway,ezannettib2@123-reg.co.uk,907-877-0943,1,13
Rustin,MacKeller,37666957,40,1045 Mockingbird Lane,rmackellerb3@shinystat.com,325-418-9795,1,43
Court,Abley,38861762,36,65 Pearson Junction,cableyb4@friendfeed.com,171-113-4836,1,21
Findlay,Fawssett,37595703,20,75344 Clemons Court,ffawssettb5@amazon.com,774-538-0466,1,45
Gustav,Broadberrie,30990022,40,98325 Autumn Leaf Hill,gbroadberrieb6@gnu.org,509-521-1562,0,1
Agretha,Hartegan,34775952,20,8108 Waywood Junction,aharteganb7@telegraph.co.uk,500-301-4305,0,43
Clayborne,Lister,26707598,27,45 Artisan Point,clisterb8@purevolume.com,530-476-2460,1,25
Conney,Brabender,30815684,55,3 Sutteridge Road,cbrabenderb9@wp.com,322-294-0591,1,34
Judd,Etty,27499028,60,5 Longview Park,jettyba@nature.com,264-896-4204,0,36
Krystle,Brosetti,29833691,54,19122 Judy Drive,kbrosettibb@1688.com,682-777-6184,0,1
Camilla,Josefsohn,29312850,59,7150 Montana Circle,cjosefsohnbc@etsy.com,448-867-5593,1,27
Jennie,Tibbotts,27422577,60,3 Gateway Hill,jtibbottsbd@reverbnation.com,780-463-2001,1,47
Hedvige,Soots,32919868,60,22 1st Street,hsootsbe@si.edu,386-147-9297,1,49
Pier,Coghlin,31007020,51,35177 Moland Trail,pcoghlinbf@japanpost.jp,531-625-0392,0,7
Dave,Rosendorf,38645449,60,2 Rusk Junction,drosendorfbg@whitehouse.gov,894-864-6253,0,45
Benedetto,Aronovitz,33378632,59,83334 Eastlawn Drive,baronovitzbh@last.fm,748-260-6566,1,39
Lulita,Seeviour,29602818,50,64076 Banding Parkway,lseeviourbi@earthlink.net,307-825-4044,0,22
Alla,Forbes,40753918,26,986 Coolidge Point,aforbesbj@seattletimes.com,671-855-0571,1,47
Easter,Sprade,41754133,20,68163 Anzinger Trail,espradebk@un.org,157-171-7035,0,13
Raine,Lunge,28823112,59,8699 Loeprich Alley,rlungebl@slashdot.org,120-455-7062,0,1
Otes,Beecham,32386778,26,01 Maryland Junction,obeechambm@altervista.org,204-831-3196,0,9
Urbano,Winward,36068753,53,2464 Manitowish Court,uwinwardbn@weather.com,754-974-8921,1,3
Letti,Abell,36857505,25,515 Briar Crest Trail,labellbo@theglobeandmail.com,145-209-9846,1,24
Joellen,Swiffin,28116982,59,22125 Rockefeller Road,jswiffinbp@ucsd.edu,847-963-4859,1,28
Myrtia,Spandley,30416966,28,06 Londonderry Plaza,mspandleybq@dropbox.com,666-683-0323,0,48
Eric,Millen,32255771,53,484 Cherokee Avenue,emillenbr@biblegateway.com,831-163-7098,0,5
Isis,Whife,39916581,28,913 Monica Terrace,iwhifebs@nymag.com,359-634-7753,0,33
Ray,Poluzzi,41106708,37,2 Hauk Trail,rpoluzzibt@noaa.gov,764-303-7663,1,32
Fianna,Clubley,29653118,40,5924 Mcbride Crossing,fclubleybu@storify.com,792-831-9757,1,40
Patsy,Hefferon,32551920,22,177 Debra Alley,phefferonbv@java.com,472-429-9227,0,34
Patti,Goymer,35637413,18,1 John Wall Drive,pgoymerbw@hubpages.com,823-283-8181,0,47
Wyatt,Klimkowski,30859646,25,71430 Jenifer Terrace,wklimkowskibx@sohu.com,888-596-3202,0,5
Christie,Packham,38100461,41,22787 Maple Wood Junction,cpackhamby@ameblo.jp,480-948-0277,1,43
Hephzibah,Brogiotti,26901933,57,03649 Katie Center,hbrogiottibz@ehow.com,298-642-1970,0,46
Isidoro,Lafflin,31075515,43,479 Fordem Crossing,ilafflinc0@bluehost.com,432-513-4932,1,30
Zuzana,Krier,31000448,58,0 Colorado Junction,zkrierc1@japanpost.jp,304-236-8729,1,18
Ingra,Skeels,31025584,47,751 Fair Oaks Drive,iskeelsc2@toplist.cz,141-981-6762,0,2
Christiana,MacNeilage,36474489,55,81752 Granby Hill,cmacneilagec3@patch.com,987-115-5081,0,45
Gwyneth,Meran,32815067,48,36649 Northwestern Road,gmeranc4@bloomberg.com,818-336-1973,1,43
Alastair,Revelle,40346766,35,03 Springview Pass,arevellec5@google.com.br,356-553-2342,0,9
Adamo,Carne,28127705,54,60817 Granby Avenue,acarnec6@intel.com,388-277-8849,1,25
Tedd,Sandland,40714871,31,43253 Lunder Street,tsandlandc7@edublogs.org,962-616-5784,1,16
Agneta,Cuel,38142605,31,8 Grim Junction,acuelc8@networksolutions.com,230-943-0880,1,11
Jessa,Jirick,25148147,38,410 Memorial Street,jjirickc9@china.com.cn,388-948-3859,0,16
Rick,Sapwell,41880917,23,22213 David Lane,rsapwellca@prnewswire.com,671-350-3140,0,1
Kenyon,Grabeham,34142419,40,70 Eggendart Park,kgrabehamcb@geocities.jp,687-479-4713,0,44
Fionnula,Boulde,41813396,48,7 Laurel Terrace,fbouldecc@tiny.cc,899-533-8175,0,4
Araldo,Croom,38130800,47,4 Eagan Alley,acroomcd@wikimedia.org,942-342-8570,1,10
Iggy,Backs,31151246,22,01 Buena Vista Terrace,ibacksce@usda.gov,549-492-6625,1,24
Mathilde,Hulles,27575417,53,2085 Hagan Court,mhullescf@feedburner.com,412-215-4579,0,35
Silvan,Somerlie,30565447,36,479 Sheridan Circle,ssomerliecg@edublogs.org,998-317-4827,1,23
Trixie,Dayes,40962526,25,4787 Butternut Center,tdayesch@nifty.com,466-551-0319,0,21
Barbette,Belfitt,41871986,58,083 Brentwood Place,bbelfittci@who.int,966-614-5717,1,28
Jacenta,Jemmison,38574186,55,9539 Pankratz Street,jjemmisoncj@canalblog.com,297-256-9824,1,10
Brander,Janca,35406791,43,03974 Buena Vista Avenue,bjancack@cbc.ca,625-880-4739,1,39
Collette,Uden,35909887,43,6067 Clemons Way,cudencl@livejournal.com,454-622-0091,0,30
Lenette,Terrill,34569848,19,82 Beilfuss Circle,lterrillcm@i2i.jp,901-739-7262,0,43
Vida,Lias,34888309,46,92 Charing Cross Trail,vliascn@com.com,854-505-2328,0,29
Annabell,Sisey,40112534,32,7 Porter Circle,asiseyco@umn.edu,272-592-2290,0,13
Caitlin,Brawson,36415718,28,50258 Cody Junction,cbrawsoncp@constantcontact.com,332-879-6434,0,49
Lyle,Van Cassel,31658314,39,3 Burrows Avenue,lvancasselcq@whitehouse.gov,855-282-3315,0,16
Garnet,Johnes,29383663,35,72318 Briar Crest Lane,gjohnescr@illinois.edu,589-219-5888,0,26
Vevay,Lared,26630327,48,43192 Forest Dale Circle,vlaredcs@vimeo.com,473-227-6885,0,48
Harold,Spain-Gower,31172308,23,43 Union Drive,hspaingowerct@printfriendly.com,870-713-2494,0,41
Virginie,Di Napoli,37260603,34,359 Eastwood Junction,vdinapolicu@ucoz.ru,397-395-7466,1,36
Josh,Caban,26249496,39,11 Parkside Trail,jcabancv@timesonline.co.uk,835-464-5001,1,37
Rachael,Leare,39206485,33,403 Farragut Street,rlearecw@yahoo.co.jp,415-256-9465,1,20
Keene,Mansbridge,41412283,49,61 Fair Oaks Court,kmansbridgecx@hugedomains.com,185-515-8613,0,26
Huntley,Gedney,41320635,38,633 Sauthoff Avenue,hgedneycy@istockphoto.com,339-951-7952,1,33
Dieter,Vasilyonok,25846508,26,70 Di Loreto Lane,dvasilyonokcz@go.com,790-349-9479,0,39
Hagan,Brittlebank,34601208,55,1 Petterle Drive,hbrittlebankd0@geocities.com,257-643-2360,1,34
Bat,Marnes,41624599,52,75258 Shasta Point,bmarnesd1@chicagotribune.com,775-941-1010,0,30
Dulcinea,Cowan,41930696,39,999 Ohio Avenue,dcowand2@pagesperso-orange.fr,428-303-4556,0,40
Cary,Rimington,31102426,32,6 Carey Street,crimingtond3@google.com.br,376-824-8975,1,50
Ellyn,Loomes,28361850,54,55782 Saint Paul Center,eloomesd4@aboutads.info,941-478-0515,1,26
Christa,Pfaffel,25084528,45,238 Farragut Center,cpfaffeld5@deviantart.com,858-154-9657,1,36
Ruttger,Boleyn,40731464,51,15811 Arrowood Pass,rboleynd6@gov.uk,177-334-8249,1,38
Alphard,Cregan,37972663,32,0 Prairieview Road,acregand7@usnews.com,707-780-1340,0,7
Aarika,Friday,25010349,53,90 Lake View Hill,afridayd8@cbc.ca,410-675-3160,1,2
Aube,Batecok,33960298,38,2 Forster Park,abatecokd9@dion.ne.jp,167-474-6017,1,37
Portia,Gittings,32699727,37,53 Golf Drive,pgittingsda@cnbc.com,859-257-3456,1,39
Nannette,Collinette,40971006,47,57192 Muir Trail,ncollinettedb@fotki.com,296-911-5085,0,18
Bonnibelle,Gehrtz,40231699,49,0 Carpenter Hill,bgehrtzdc@photobucket.com,614-467-1223,1,1
Mavis,Reschke,38652395,23,79924 Springview Avenue,mreschkedd@hud.gov,634-863-2439,0,42
Shae,Fowells,25337802,52,17 Thackeray Plaza,sfowellsde@vimeo.com,269-515-3743,1,32
Corie,Spacy,26857434,23,95 Del Sol Circle,cspacydf@weather.com,861-971-4832,0,8
Conrado,Adkin,39168471,38,967 Jenna Parkway,cadkindg@businesswire.com,916-890-8267,1,27
Codie,Dutteridge,35000589,32,21 Commercial Center,cdutteridgedh@bloglovin.com,772-144-6000,0,32
Mikael,Andrioli,40599968,28,172 Fuller Court,mandriolidi@sun.com,915-417-8347,0,46
Georgiana,Cassam,27527587,54,9388 6th Alley,gcassamdj@phoca.cz,729-447-8080,0,49
Teodorico,Lochrie,32467816,32,21861 Mccormick Road,tlochriedk@free.fr,713-224-9122,0,46
Tomasine,Petrasso,29835968,48,48537 Cody Street,tpetrassodl@nymag.com,717-394-2589,1,35
Lucila,Queripel,27110486,35,53 Maple Wood Parkway,lqueripeldm@1und1.de,472-480-6857,0,12
Buck,Cridge,34621861,48,5288 Pepper Wood Pass,bcridgedn@barnesandnoble.com,335-969-9771,0,5
Elliott,Guilloud,37100733,19,29 Norway Maple Place,eguillouddo@opensource.org,923-468-9102,1,31
Bernie,Luberti,31548647,43,95 Rutledge Hill,blubertidp@japanpost.jp,105-155-5039,1,20
Bette,Lerwill,40340317,53,68877 David Lane,blerwilldq@wordpress.com,130-499-7389,0,16
Lura,Luckey,36209226,32,592 Hoard Circle,lluckeydr@nbcnews.com,659-346-2135,0,31
Peirce,Bouette,38117325,18,29 Veith Court,pbouetteds@nymag.com,360-258-2275,1,38
Gorden,Petriello,38439039,58,4 Thierer Pass,gpetriellodt@rambler.ru,813-488-3301,1,28
Thain,Sasser,41339890,34,28744 Algoma Terrace,tsasserdu@adobe.com,413-776-0498,0,32
Kimberley,Ribeiro,25633481,53,50 Di Loreto Pass,kribeirodv@alexa.com,979-354-3199,0,49
